ID,name,category,main_category,state,backers,country,usd_pledged_real
1000002330,The Songs of Adelaide & Abullah,Poetry,Publishing,failed,0,GB,0.00
1000003930,Greeting From Earth: ZGAC Arts Capsule For ET,Narrative Film,Film & Video,failed,15,US,2421.00
1000004038,Where is Hank?,Narrative Film,Film & Video,failed,3,US,220.00
1000007540,ToshiCapital Rekordz Needs Help to Complete Album,Music,Music,failed,1,US,1.00
1000011046,Community Film Project: The Art of Neighborhood Filmmaking,Film & Video,Film & Video,canceled,14,US,1283.00
1000014025,Monarch Espresso Bar,Restaurants,Food,successful,224,US,52375.00
1000023410,Support Solar Roasted Coffee & Green Energy!  SolarCoffee.co,Food,Food,successful,16,US,1205.00
1000030581,Chaser Strips. Our Strips make Shots their B*tch!,Drinks,Food,failed,40,US,453.00
1000034518,SPIN - Premium Retractable In-Ear Headphones with Mic,Product Design,Design,canceled,58,US,8233.00
100004195,STUDIO IN THE SKY - A Documentary Feature Film (Canceled),Documentary,Film & Video,canceled,43,US,6240.57
100004721,Of Jesus and Madmen,Nonfiction,Publishing,failed,0,CA,0.00
100005484,Lisa Lim New CD!,Indie Rock,Music,successful,100,US,12700.00
1000055792,The Cottage Market,Crafts,Crafts,failed,0,US,0.00
1000056157,G-Spot Place for Gamers to connect with eachother & go pro!,Games,Games,failed,0,US,0.00
1000057089,Tombstone: Old West tabletop game and miniatures in 32mm.,Tabletop Games,Games,successful,761,GB,121857.33
1000064368,Survival Rings,Design,Design,failed,11,US,664.00
1000064918,The Beard,Comic Books,Comics,failed,16,US,395.00
1000068480,Notes From London: Above & Below,Art Books,Publishing,failed,20,US,789.00
1000070642,Mike Corey's Darkness & Light Album,Music,Music,successful,7,US,250.00
1000071625,Boco Tea,Food,Food,failed,40,US,1781.00
1000072011,CMUK. Shoes: Take on Life Feet First.,Fashion,Fashion,successful,624,US,34268.00
1000081649,MikeyJ clothing brand fundraiser,Childrenswear,Fashion,failed,1,AU,0.81
1000082254,Alice in Wonderland in G Minor,Theater,Theater,failed,12,US,650.00
1000087442,Mountain brew: A quest for alcohol sustainability,Drinks,Food,failed,3,NO,6.29
1000091520,The Book Zoo - A Mini-Comic,Comics,Comics,successful,66,US,701.66
1000102741,Matt Cavenaugh & Jenny Powers make their 1st album! ,Music,Music,successful,147,US,15827.00
1000103948,Superhero Teddy Bear,DIY,Crafts,failed,0,GB,0.00
1000104688,Permaculture Skills,Webseries,Film & Video,successful,571,CA,42174.03
1000104953,Rebel Army Origins: The Heroic Story Of Major Gripes,Comics,Comics,successful,27,GB,160.60
100011318,My Moon - Animated Short Film,Animation,Film & Video,successful,840,US,57577.31
1000115172,Daily Brew Coffee,Food Trucks,Food,failed,1,GB,31.09
1000117861,Ledr workbook: one tough journal!,Product Design,Design,successful,549,US,47266.00
1000120151,Feather Cast Furled Fly Fishing Leaders,Product Design,Design,successful,18,AU,1427.35
1000120287,BB130A,Public Art,Art,failed,30,US,1395.00
100012079,Chris Eger Band - New Nashville Record!,Music,Music,successful,92,US,13260.00
1000129669,Squatch Watchers,Webseries,Film & Video,failed,54,US,1373.37
1000131947,Arrows & Sound Debut Album,Indie Rock,Music,successful,157,US,8641.34
1000132945,Zen in America: a film on Zen Buddhism in North America,Documentary,Film & Video,successful,213,US,15663.00
1000134913,Galaxy: Winnie and Friends,Illustration,Art,failed,2,US,17.00
1000146991,Help Scott Reynolds Make a New Record!,Indie Rock,Music,successful,277,US,17499.99
1000149007,Unschooling To University Book Project,Nonfiction,Publishing,live,24,CA,472.88
1000153208,Phil Younger - Slow Down (Official Music Video),Music,Music,successful,34,US,2100.00
1000160286,"""THE RETURN"" book project",Photography,Photography,successful,232,US,23907.00
1000170964,Penny Bingo Playing Card Game fun for the whole family!,Tabletop Games,Games,failed,25,US,856.00
1000171141,"The Please, Please Me: Studio Premiere",Pop,Music,successful,181,US,12656.00
1000182258,WE ARE ONE: STREET MUSIC OF NEW ORLEANS,Documentary,Film & Video,failed,0,US,0.00
1000183112,Hot Chicken Takes Over.,Restaurants,Food,successful,855,US,63401.00
1000184224,Star and the Snowman,Narrative Film,Film & Video,successful,154,US,9401.00
1000190427,Seas of Iron,Tabletop Games,Games,successful,218,US,8105.00
1000197321,(In)visible Empire Tees,Public Art,Art,failed,4,US,90.00
1000201265,I'LL SEE YOU IN MY DREAMS - narrative feature film,Narrative Film,Film & Video,successful,632,US,61365.16
100020143,H2O The Underwater Portraits,People,Photography,failed,2,US,6.00
1000202062,SkateFrames-Photo frame made from recycled skateboard wood,Art,Art,failed,3,US,3.00
1000212914,A Teacher's Travels in China,Photography,Photography,successful,71,US,4866.17
1000216800,Mothers Into Living Fit Yoga DVD for Moms and Babies,Family,Film & Video,successful,51,US,11055.00
1000217634,Mobile barbecue & catering trailer,Food Trucks,Food,failed,1,US,1.00
1000226576,Following the Call - A Novel,Fiction,Publishing,failed,0,US,0.00
1000227361,UNDERWATER,Film & Video,Film & Video,successful,121,US,9660.00
1000230071,The Fanalyzers: Views from the Stands,Webseries,Film & Video,failed,5,US,635.00
1000232288,Empires at Sea,Tabletop Games,Games,successful,448,US,37199.00
1000233415,Teachers In The Sky,Documentary,Film & Video,failed,2,US,65.00
1000234595,Fashion removeable decoration jewel accessory hells shoes,Accessories,Fashion,failed,2,IT,150.73
1000235465,TO RUSSIA WITH LOVE AND SIMON,Art,Art,failed,8,US,587.00
1000235643,HIIT Bottle™,Drinks,Food,successful,2784,US,124998.00
1000243793,"""JurassicJurassix"" by The Guilt",Rock,Music,failed,13,US,485.00
1000245024,Safer Home,Hardware,Technology,failed,0,CA,0.00
1000252415,"Pantochino Productions: ""Cinderella Skeleton, the Musical""",Theater,Theater,successful,144,US,15425.00
1000256230,Shreddit - Privacy on Reddit,Software,Technology,failed,0,GB,0.00
1000256760,"Raise the Woof, expanding the love (Canceled)",Design,Design,canceled,6,CA,535.09
1000257563,"""Flying"" Carpets from Azerbaijan, Iran and Turkey/Anatolia",Weaving,Crafts,failed,1,GB,3.09
1000260691,Gizbee™ Unlimited Removable Storage for Your Travel Photos,Gadgets,Technology,canceled,15,US,2030.00
1000261018,Diposta - liberating people from their postal mailbox.,Web,Technology,failed,3,US,141.00
1000268182,My Future Just Passed - Debut CD - Jazz Trio,Jazz,Music,successful,95,US,4795.00
1000278154,"Loot and Recruit - A quirky, combative, deck building game",Tabletop Games,Games,canceled,65,US,2453.00
1000282287,Babe Ruth's Family Kitchen - Gourmet Hot Dogs and Condiments,Food,Food,canceled,0,US,0.00
1000291122,VOTE (anyone but) TRUMP Candle,Product Design,Design,failed,6,GB,288.03
1000291263,"""It's Complicated"" by Ariana Salome",Ready-to-wear,Fashion,failed,0,US,0.00
1000294559,Secular Solstice 2014,Festivals,Theater,successful,164,US,8157.01
1000320473,Uncommon Rhythm - Season One,Film & Video,Film & Video,failed,76,US,10410.00
1000328150,Legacy of Svarog | a Unique 3D Action RPG and Adventure Game,Video Games,Games,failed,38,US,1410.00
1000328328,ANVIL Beard,Fashion,Fashion,failed,9,GB,93.44
1000331311,AWE - Antediluvian Wars: Extermination Tactical Card Game,Tabletop Games,Games,failed,34,US,1811.00
1000332383,Road to the Shire,Documentary,Film & Video,successful,29,US,4045.00
1000333671,Spiral Electric Skylab Recording,Rock,Music,successful,31,US,1540.00
1000334074,The Locals Only Shirt,Fashion,Fashion,successful,36,US,754.82
1000335422,"""Where is Home?"" Anthology",Anthologies,Comics,successful,153,CA,4646.65
1000338818,"Diet! No thanks, I'd rather lose weight",Publishing,Publishing,failed,9,DE,97.62
1000339877,The Onrust Project and Two Row Treaty of 1613,Theater,Theater,failed,2,US,110.00
1000340977,My Coffee Box,Drinks,Food,failed,18,US,1027.00
1000344383,¿Tu Sabes? (You Know?) a music collaboration by Daya & Edu,Music,Music,failed,10,US,409.00
1000348690,The Silence of Hollowind - Urban Fantasy RPG,Tabletop Games,Games,successful,346,IT,13347.43
1000348776,P/O/V Comic and Literary Anthology,Comics,Comics,failed,14,US,474.00
1000354338,"""Little Shop of Horrors"" at the Browncoat Theatre!",Theater,Theater,successful,40,US,2075.00
10003650,Glyscian Debut Album Recording (Canceled),Rock,Music,canceled,4,US,151.00
1000374001,The Dark Waters Project,Indie Rock,Music,successful,113,US,10414.00
1000386601,Los Angeles International Student Film Festival,Film & Video,Film & Video,successful,29,US,1932.99
1000389241,Bob Contemplates Ending It All,Shorts,Film & Video,successful,52,US,3755.00
1000392220,The Girls Bathroom,Webseries,Film & Video,successful,45,US,2252.99
100039820,Best Spray Bottle Ever - SureShot,Gadgets,Technology,failed,3,CA,2.36
1000399155,New Lasagna,Restaurants,Food,failed,0,US,0.00
1000405957,Just Another Reality Show: Season 3,Webseries,Film & Video,successful,8,US,756.00
1000413719,Backroads EP Processing Costs,Electronic Music,Music,successful,14,US,274.05
1000415969,Disaster Area: A Podcast,Radio & Podcasts,Publishing,successful,19,US,1055.00
1000422671,Titanium EDC Bottle Opener,Product Design,Design,failed,4,US,156.00
1000427280,Fishtacular - The Ultimate Fishing Tool (Canceled),Apps,Technology,canceled,19,CA,9110.34
1000428719,"""Eat Like A Gilmore"" Cookbook",Cookbooks,Food,successful,1261,US,47273.00
10004373,Bad Example (A Southern Trailer Park Fairy Tale) Indie Short,Shorts,Film & Video,failed,2,US,22.00
100044420,PATTY AT THE PARTY - a mumblecore horror feature,Webseries,Film & Video,failed,3,US,50.00
1000445513,Bold Threadz,Fashion,Fashion,successful,131,US,5858.00
1002388106,R.A.D. (Canceled),Video Games,Games,canceled,4,US,31.00
1000454605,Be part of the next SMB Project album,Indie Rock,Music,successful,41,US,1455.00
1000465399,DAYTRADER - A Financial Board Game,Tabletop Games,Games,successful,491,US,20269.00
1000468345,iRNinja - Control your TV with a simple press of a button,Gadgets,Technology,failed,6,US,74.00
1000476123,Mama's Meatballs,Food,Food,failed,0,US,0.00
1000479996,"Ebony Child:Music Artist drops New Album, Comic Book, & Film",Pop,Music,failed,1,US,10.00
1000481607,Alpha Omega E.P.,Metal,Music,failed,13,US,472.00
1000490852,Carriage,Art,Art,successful,121,US,8360.00
1000491057,AllThis TV,Comedy,Film & Video,failed,3,US,40.00
1000491830,The Legendary YD 2016 Tour,Hip-Hop,Music,failed,2,US,10.00
1000499845,MEMORY LANE  ,Documentary,Film & Video,failed,4,US,270.00
1000509854,"Jane Brown... a story of courage, survival and love",Periodicals,Publishing,failed,0,US,0.00
1000514796,CASE:Lynk - Your EMERGENCY iPhone Charge & Sync Cord,Product Design,Design,failed,67,US,3012.00
100051531,Cat - Pre-Professional Ballerina,Dance,Dance,failed,0,US,0.00
1000519001,Wordwright: re·de·fin·ing word play,Tabletop Games,Games,successful,624,US,14794.00
1000521061,SERiNO'S PiZZA ROLLiNG PiZZA LAB (Food Truck),Food Trucks,Food,failed,0,US,0.00
1000521421,A photobook of life in Japan,Photography,Photography,failed,11,US,568.00
1000524949,Operation: Make Stuff,Video Games,Games,successful,36,US,306.72
1000535116,Xi3: Help us Usher in the Post-PC Era,Technology,Technology,failed,120,US,90771.00
1000537760,help our wood shop buy a lathe & hopefully a laser engraver,Public Art,Art,failed,0,US,0.00
1000542390,Spirits Asunder,Film & Video,Film & Video,failed,1,GB,7.40
1000543883,Store Facades - Paintings out of Pittsburgh,Painting,Art,successful,20,US,1062.57
1000545028,Trackside - Independent documentary featuring Marshals,Documentary,Film & Video,successful,47,GB,8447.09
1000549881,"Brandi Emma promotes her new, 5-song EP because of YOU!  Pre-Order Right Here :)",Indie Rock,Music,failed,44,US,4006.00
1000551777,Gantish - Online Reward Chart Creator for Parents,Software,Technology,failed,12,IE,322.02
1000553538,URBNPOP / CHRIS HAMER SKETCHBOOK,Art Books,Publishing,successful,49,US,2535.00
1000558429,Sellegg start up classified site,Web,Technology,failed,1,US,25.00
1000566862,Farmer Brown's Analogy Farm Game for ages three and above,Games,Games,failed,3,US,65.00
1000567557,The Seven Rays,World Music,Music,failed,8,US,260.00
100056789,Four Short Stories and Ten Love Poems,Publishing,Publishing,successful,33,US,3165.00
100057323,David LaRocca: Star Spawn,Illustration,Art,successful,53,US,2354.50
1000577059,Calendars for Cats,Photobooks,Photography,failed,3,US,95.00
10005784,DOGMA - Short Film,Drama,Film & Video,successful,15,GB,1122.89
1000581546,Project U-Neek,Art,Art,successful,19,GB,2331.32
1000581804,Architecture & Design Website,Architecture,Design,failed,0,GB,0.00
1002384825,The Undoing Trilogy,Film & Video,Film & Video,failed,0,US,0.00
1000590709,Musical Light Suit,Hardware,Technology,failed,2,US,20.00
1000598804,Gone In 61 Seconds,Tabletop Games,Games,failed,14,US,875.00
1000600012,YA science-fiction/comedy book series: Zeek Kim'lo,Young Adult,Publishing,failed,1,GB,1.43
1000600526,Rising Star - Unsigned Artist Compilation Album,Hip-Hop,Music,failed,0,GB,0.00
1000600868,Musical stage (escenario musical),Latin,Music,failed,1,MX,0.53
1000602156,HYDRA DICE,Games,Games,failed,89,US,3100.66
1000620551,Islamic World - Strategic gaming with Islamic values,Mobile Games,Games,failed,5,GB,485.72
1000624031,Hangar 1 Foundation,Flight,Technology,failed,4,US,1355.00
1000627718,Adele's Heart is Going to Edinburgh,Theater,Theater,successful,67,US,8315.00
1000629643,ODIN: Android 'Smart' Projector to Carry in Your Pocket,Hardware,Technology,successful,561,US,268192.00
1000638156,Jenny's Photography - Start own business and travel!!,Fine Art,Photography,failed,1,GB,16.58
1000639526,Kaleidoscope Man,Film & Video,Film & Video,failed,90,GB,8854.28
1000644119,Operación Douve,Action,Film & Video,failed,2,ES,22.85
1000648117,42 Sketches 2013,Art Books,Publishing,successful,78,US,2883.50
1000648918,"ADVENT SAGA, DIGITAL TACTICAL CARD GAME",Video Games,Games,failed,260,US,15542.11
100065084,One Man's Opinion Of Moonlight Song Collection,Music,Music,successful,33,US,1647.00
1000650960,"Crap Amidst Hilarity, vol. 1",Playing Cards,Games,failed,55,US,942.25
1000654344,"Packable, Fashionable & Protective; the ULTIMATE sun hat.",Fashion,Fashion,successful,750,US,91003.67
1000654409,Echo-Fuel: Make Echo Portable with Universal Charging Base!,Hardware,Technology,failed,12,US,4237.00
1000656794,VoxCube - 8x8x8 RGB LED chainable cubes,Makerspaces,Technology,failed,32,AU,8910.52
1000659557,New world disorder,Punk,Music,failed,0,US,0.00
1000674477,"""GENERATION FX"" a documentary film.",Documentary,Film & Video,failed,37,US,8085.00
1000682368,"Rack and Ruin, Out of Orbit 3",Fiction,Publishing,failed,29,GB,2082.74
1000684975,Help me prepare for an upcoming art show,Painting,Art,failed,2,US,2.00
1000694855,STREETFIGHTERZ WHEELIE MURICA,Film & Video,Film & Video,undefined,0,N/A,555.00
1000697657,The Forever Rechargeable Talking Super Capacitor Flashlight,Hardware,Technology,failed,18,CA,628.47
1000699196,COVENANT,Jazz,Music,failed,42,US,4670.00
1000707541,Elephant Gun Media Blitzkrieg,Music,Music,successful,36,US,923.00
1000710630,Our Shared Stories: An Afghan Diary,Anthologies,Publishing,successful,86,US,9500.00
1000719127,The Gentle Art Of Tutelage,Narrative Film,Film & Video,failed,26,US,2161.00
1000725978,"Air Bonsai | Create your ""little star""",Product Design,Design,successful,3784,US,843743.00
1000727191,"Canadian Invasion's ""Choose Your Own Adventure"" Album",Pop,Music,successful,38,US,2036.00
1000727905,Wrist Covers,Product Design,Design,failed,0,US,0.00
1000741180,High Stakes: A Short Film,Shorts,Film & Video,successful,81,US,5120.00
1000741387,Fomatek: Foam Laptop Desks & Music Stands Elevate your Gear.,Product Design,Design,failed,10,US,805.00
1000752960,100 Risings,Documentary,Film & Video,failed,1,GB,17.12
1000754401,Sky Scrapers Project,Tabletop Games,Games,failed,32,US,1825.00
1000758916,Keys to the Moon's First Full Length Album!,Music,Music,successful,37,US,4629.00
1000761521,KILOS.,Thrillers,Film & Video,live,4,US,310.00
1000767040,Strait Jacket – Tangle Prevention For Headphones,Product Design,Design,canceled,46,US,1041.00
1000770149,Worrisome Wilf's Beastly Bedtime,Children's Books,Publishing,successful,140,GB,8937.95
1000772297,"Airfoil Click Pen: Aviation Inspired, for gel & rollerball",Product Design,Design,successful,327,US,26407.00
1000776914,"VLC for the new Windows 8 User Experience (""Metro"")",Software,Technology,successful,3080,GB,75379.02
1000777557,Raise funds for the new JonathanGluck and the Wayward Kind album!,Rock,Music,failed,2,US,30.00
1000781363,The Spider and the Fly,Children's Books,Publishing,successful,164,US,20313.00
1000781512,Knock Down Drag Out,Shorts,Film & Video,successful,19,US,850.00
1000785030,Day of the Dead Tyrion Lannister Calavera Vinyl Stickers,Illustration,Art,successful,40,US,642.00
1000786724,Harold VS The Horde,Video Games,Games,failed,18,US,113.00
1000788629,Camille Peruto - NEW ALBUM,Pop,Music,successful,69,US,18009.00
100078996,APP - CUSTOM SHOES/ Calzado Personalizado - MADAME MARIAN,Apps,Technology,successful,24,MX,2739.22
1000802137,Tye's Photographic Journey.,People,Photography,failed,0,US,0.00
1000804307,Ropw,Games,Games,failed,3,US,3.69
1000804742,The Chelsea Chronicle Podcast,Audio,Journalism,failed,15,GB,423.72
1000810416,Wildlife Inspired T-Shirts; Help Me To Help Wildlife,Apparel,Fashion,failed,1,GB,19.72
1000811882,The Sword of Asumi Visual Novel,Video Games,Games,successful,107,GB,4848.23
1000823935,Wax Stacks LP Record Crates,Design,Design,successful,120,US,39209.00
1000827504,The JANIS JOPLIN Project (Canceled),Photography,Photography,canceled,1,US,75.00
1000827890,Throw Over Car Door Dent Protector,Design,Design,failed,2,US,45.00
1000834930,Strawberry Fields Café and Patisserie,Food,Food,failed,0,CA,0.00
1000844246,Tofu: Stylish T-Shirts that are Made by Freedom,Apparel,Fashion,successful,140,US,23079.00
1000850525,American Confines vol 1: Cincinnati in 52,Photobooks,Photography,failed,14,US,656.00
1000853310,Good Company,Shorts,Film & Video,failed,1,US,5.00
1000865260,"Launch ""Romeo and Juliet in Yiddish"" in New York City",Film & Video,Film & Video,failed,0,US,0.00
1000869383,The Case of the Silent Girl - a dark Sherlock Holmes tale,Comics,Comics,successful,47,SE,986.03
1000883509,Chasing Blue at The Trans Theatre Festival,Festivals,Theater,successful,105,US,4813.00
1000885772,Mooli London | Designer Camera & Tech Bag - The Hampton,Product Design,Design,successful,85,GB,23576.92
100089599,CLOTHING LABEL WITH A 90's STATE OF MIND - MADE IN FRANCE,Apparel,Fashion,successful,44,FR,3944.43
1000896053,The Ultimate Custom Shark Rig,Product Design,Design,failed,0,US,0.00
1000916036,Conference Paradigm Shift Meeting #3,Performance Art,Art,failed,4,FR,100.35
1000918505,Dynamic Faces Match,Games,Games,canceled,0,US,0.00
100091944,Climbing 4 Kidz,Film & Video,Film & Video,failed,0,CA,0.00
1000922108,Tugboat Collective's Inaugural Season,Theater,Theater,successful,115,US,10046.00
1000932522,Geocaching Trading Cards - History Series II,Games,Games,successful,52,US,1620.00
1000937140,The FUN n' EASY CookBook For Children's Well.....Fun Cooking,Publishing,Publishing,failed,0,US,0.00
1000940032,Space Trucker,Video Games,Games,successful,7,US,165.00
1000942804,High,Documentary,Film & Video,failed,0,US,0.00
1000953875,Club Wick3d,Video Games,Games,failed,1,US,1.00
1000968500,Modern Handmade Ceramics: Paper & Clay,Ceramics,Art,successful,94,US,4386.00
1000983983,Join me in completing my first Solo Project CD!,Pop,Music,failed,7,US,170.00
1000987760,Emotional Makayla: Mommy's Birthday Gift!,Children's Books,Publishing,failed,4,US,91.00
1000988678,Ashley's Beauty Tool Organizer Kit,Crafts,Crafts,failed,0,US,0.00
1000988864,"Alaska Bug Bites, LLC - Farmers Markets Launch",Vegan,Food,successful,52,US,2164.77
1000992739,Quick Query - Relaunch!,Playing Cards,Games,successful,56,US,1207.00
1000997384,"Quick, The Clockwork Knight Volume #2",Comics,Comics,successful,105,US,2585.00
1001000566,WrittenWitheArt,Publishing,Publishing,successful,26,US,1500.00
100101389,"Uptown Juice Company: Local, cold-pressed goodness",Food,Food,successful,161,US,30066.00
100101652,Objecthood: A Story of an Imagined Economy (Canceled),Art Books,Publishing,canceled,1,US,25.00
1001019464,Strain Wars: Playing cards,Playing Cards,Games,failed,6,US,176.00
1001020080,Wood Floor Fundraiser,Dance,Dance,successful,21,US,1205.00
100102338,Water Purification System Using Solar Evacuated Tube,Product Design,Design,successful,15,US,218.00
1001028167,Steel Cathedrals- Short poems for the digital age.,Poetry,Publishing,failed,1,GB,30.30
1001033266,The Chameleon Chronicles: Colors of Fate,Fiction,Publishing,failed,1,US,1.00
1001035783,Once Were Ghosts - Ephemeral 7-Song EP,Indie Rock,Music,failed,0,US,0.00
1001042227,Via Chic–OneClutch™,Product Design,Design,failed,21,US,1736.00
1001043181,Afraid So Galileo Album,Rock,Music,failed,0,US,0.00
1001048123,Paterson Falls Film Festival,Film & Video,Film & Video,successful,27,US,1612.00
1001052357,Spilt Milk,Graphic Novels,Comics,failed,23,AU,623.55
1001057158,Thailand country side,Photography,Photography,failed,2,US,35.00
1001064677,Equinox: my first comic (genre: fantasy),Comics,Comics,successful,97,US,5965.50
1001077166,Student Operated Fabrication Lab,Fabrication Tools,Technology,successful,57,US,5000.00
1001086968,Nurse Mare Foals: Born to Die,Documentary,Film & Video,successful,383,US,22421.00
1001087429,The Bird Nerd,Comedy,Film & Video,successful,36,GB,1825.79
1001087682,Funky Grits - fast casual diner pairing music with the menu!,Restaurants,Food,failed,13,US,1600.00
1001093391,The Great Kentucky Goblin Spree,Film & Video,Film & Video,successful,88,US,6614.00
1001097057,Help Put Community-Building Art in Austin's Patterson Park,Public Art,Art,successful,26,US,7259.00
1001110351,Kingdoms of Erden: King of the Mountain,Tabletop Games,Games,canceled,52,US,745.00
1001115961,Made From Scratch,Restaurants,Food,failed,0,US,0.00
1001116225,Pierced Hearts Tattoo Boutique Start Up,Art,Art,failed,0,US,0.00
1001126692,Pole Diversity: A Showcase of Acrobatic Dance (Part Two),Performances,Dance,failed,4,US,160.00
1001128468,The McKenzie Project,Photography,Photography,successful,30,CA,1364.34
1001132597,A New Omni-Wheel. A mechanical innovation created for robots,Hardware,Technology,failed,7,US,107.00
1001135664,BrewStick ~ carboy ruler,Food,Food,failed,2,US,50.00
1001136944,Open Fiesta Arts Store dreaming big in San Antonio,Sculpture,Art,failed,4,US,52.00
1001137002,Opening Portals DVD,Documentary,Film & Video,failed,0,GB,0.00
1001143049,Nutty Nations: Re-Imagining Learning Through Games,Mobile Games,Games,canceled,71,US,18431.00
1001149306,Night Terrors: Garden of Limbo,Fiction,Publishing,successful,14,US,1067.00
100114978,Inclusive Toolkit: tools for iOS & OS X app accessibility,Software,Technology,successful,184,GB,11335.49
1001156528,Greek4Fun,Video Games,Games,failed,14,US,686.00
1001157858,Hood's Up Brewery,Drinks,Food,failed,62,US,12024.00
1001159174,Fooju Dance Collaborative,Performances,Dance,successful,47,US,1900.00
1001165113,CHRIS CRITELLI RECORDS HIS DEBUT EP!,Pop,Music,successful,195,US,11713.00
10011702,Piero Marsili,Documentary,Film & Video,failed,0,GB,0.00
1001181420,Sleeping in a Truck,Rock,Music,successful,65,US,10328.00
1001188527,Design Your Own Leatherjacket,Fashion,Fashion,successful,7,DE,2282.32
1001190550,Sanfilippo Wing it!,Accessories,Fashion,failed,25,DE,952.04
1001216413,Road Runner multisport smartphone carrier,Product Design,Design,failed,50,FR,4264.68
1001217929,LEGO Imagination Lab,Animation,Film & Video,failed,15,US,1186.69
1001218320,Arkham Source Book,Games,Games,failed,3,US,45.00
1001223817,Finishing & Festival Funds - The Final Stage - short film,Shorts,Film & Video,failed,9,US,310.00
1001227372,Lonely House Films: Adam Hope,Film & Video,Film & Video,failed,1,US,50.00
1001228129,Adult Colour Debut Album,Rock,Music,successful,52,US,2415.00
1001230250,Open A.I.R.,Art,Art,successful,55,US,3125.00
1001242672,At Home in Maine: A Film Series About Homebirth and Midwives,Documentary,Film & Video,failed,34,US,1765.00
1001243185,The FUSIONproject,Documentary,Film & Video,failed,1,US,100.00
1001243867,Lego Batman: Zombie Genesis Series,Animation,Film & Video,successful,19,GB,376.94
1001244864,Digitizing My Family,Family,Film & Video,successful,43,US,3585.00
100124630,"""Progress"" The Steampunk Series - Season 2",Film & Video,Film & Video,failed,18,US,733.00
1001251896,Winter Writing Residency,Art,Art,successful,21,US,1145.00
1001259618,DOME Shades: Sunglasses for Big Heads,Accessories,Fashion,failed,36,US,3238.00
1001263250,A Portrait a Day 365 Challenge,Painting,Art,failed,9,US,1152.00
1001265769,XPUMP | TURN ANY SOUND SOURCE INTO A HOME THEATER EXPERIENCE,Sound,Technology,successful,2278,US,227673.00
1001270191,Complete Paine's Skatepark,Public Art,Art,successful,177,US,11511.10
1001279854,Westward #8,Comic Books,Comics,successful,75,US,2611.00
1001288451,"Paperback & Kindle available, but get it for less here!",Fiction,Publishing,failed,6,GB,42.81
1001292387,TIBA Putt: A personal approach to improve your putting,Product Design,Design,failed,32,US,1076.00
1001295591,Ghost Herds: Rescuing horses and horse people in Kentucky,Nonfiction,Publishing,successful,31,US,2510.00
100130008,Gideon's Epic Forge,Sculpture,Art,successful,23,US,708.00
1001302417,Survyval Breakthrough Hoodie,Apparel,Fashion,failed,1,IT,1.14
1001302832,"The Farmer, the Bean and the Holy Roast",Food,Food,failed,29,US,1278.00
1001303993,A Jessica Rabbit Production,Music,Music,failed,10,US,625.00
1001304256,FINAL HOURS!!! Kira Kira Rainbow Unicorn Stickers!,Stationery,Crafts,successful,39,AU,709.07
1001328623,Belleflower - A Feature Film,Narrative Film,Film & Video,successful,42,US,3863.37
1001333672,Mutant Plants: A Guide (Canceled),Nonfiction,Publishing,canceled,6,GB,85.39
1001338336,MAB MINDZ AT SOUND SET 2014,Apparel,Fashion,failed,9,US,247.00
1001338443,Lei,Film & Video,Film & Video,successful,17,GB,711.71
1001339505,"""The Get Back"" an adaptation of Wrong Becomes Me",Narrative Film,Film & Video,failed,8,US,171.00
1001340544,The Bicycle Bus,Public Art,Art,successful,107,US,5263.00
100134337,Danger!  Extreme Lawn Darts (Canceled),Video Games,Games,canceled,3,US,60.00
1001344493,My 1st Cookbook (for children),Children's Books,Publishing,failed,9,US,272.00
1001347176,The Book of Maxwell,Print,Journalism,successful,33,US,1804.00
1001348491,Glory of the Three Kingdoms - Guandu Core Set,Tabletop Games,Games,successful,130,US,7782.00
1001352451,The Great Apple Pie,Farmer's Markets,Food,failed,2,CA,5.50
1001353002,The Project Unknown (Canceled),Video Games,Games,canceled,1,NO,0.58
1001353112,It belongs to the world: Ackermann's Repository of Arts!,Fashion,Fashion,failed,0,US,0.00
1001366443,SEVEN DEVILS - Feature Film,Thrillers,Film & Video,failed,10,US,810.00
1001368898,Riposte (Canceled),Video Games,Games,canceled,28,NL,1100.86
1001373564,"Chill Puck - Keep your beverage colder, longer.",Product Design,Design,successful,1127,US,41759.00
1001377540,Heroes And Other Strangers at FringeNYC,Theater,Theater,successful,53,US,2308.50
1001404128,Project World,Photography,Photography,failed,2,GB,42.19
1001407622,Quadrato Retractable Knife - Make 100,Product Design,Design,failed,35,US,2670.00
1001423755,Single Track - contemporary art gallery and espresso bar,Art,Art,successful,85,GB,16225.19
1001432466,The Great Fly Cup Bake Off,Events,Food,successful,17,GB,524.38
1001435839,"Un Amour Oublie ""a love forgotten""",Animation,Film & Video,failed,0,US,0.00
1001442355,In the Loop: A Resource Strategy Game for Tomorrow's Leaders,Tabletop Games,Games,successful,102,US,14414.00
1001442379,The Contractors - Create 3D Model: Prop Asset Model #1,Video Games,Games,successful,17,US,2348.00
100144828,Sasha's Fashion Show - Spectacle,Fashion,Fashion,successful,51,US,2190.00
1001468086,Bass River Press,Poetry,Publishing,failed,6,US,325.00
100147142,Betul Soykan Records Joaquin Turina Violin Works CD Project,Classical Music,Music,failed,4,US,40.00
1001473842,Food truck for the world.,Food Trucks,Food,failed,0,US,0.00
1001476723,Publishing The Occupy Portraits,Photography,Photography,failed,71,US,10820.00
1001484182,Daweyu Hills – Crop to Cup,Drinks,Food,successful,172,US,25816.00
1001490622,TimeChat™ (Canceled),Apps,Technology,canceled,5,AU,976.08
1001494526,Dream Project,Art,Art,failed,0,DE,0.00
100149523,Duncan Woods - Chameleon EP,Music,Music,undefined,0,N/A,3402.08
1001498884,Peripheral vision - short film,Shorts,Film & Video,successful,17,AU,649.89
1001502333,Pimax: The World's First 8K VR Headset,Hardware,Technology,successful,5946,US,4236618.49
1001503577,i do it 4 oakland,Public Art,Art,successful,102,US,5080.20
1001508135,Florida: A Broken Kingdom,Fiction,Publishing,failed,0,US,0.00
1001513743,Help start Jacksonville's FIRST Paint Your Own Pottery Store,Ceramics,Art,failed,1,US,100.00
1001516983,Baby Boom Baby Bag,Fashion,Fashion,failed,12,GB,447.80
1001523858,Eunoë,Metal,Music,failed,1,MX,0.53
1001524172,Scar Tissue,Photography,Photography,successful,20,US,6022.00
1001527526,STAGNANT POOL enters post-production,Shorts,Film & Video,successful,96,CA,7897.60
1001529115,I Am Pro-movement:,Apparel,Fashion,failed,6,US,1591.00
1001529854,Billion Dollar Project,Graphic Design,Design,failed,0,AU,0.00
1001542282,You in a novel,Publishing,Publishing,failed,1,IT,10.76
1001543887,Peak View Brewing Company,Drinks,Food,successful,145,US,15018.00
1001548662,Audience of Death (Canceled),Fiction,Publishing,canceled,0,US,0.00
1001556760,Finding Black Love: The Documentary,Documentary,Film & Video,failed,13,US,785.00
1001560762,""" The Patch, Organics """,Comics,Comics,failed,2,US,50.00
1001565620,Virtual Addiction Recovery Website & Phone App/ Saving life,Apps,Technology,failed,0,US,0.00
1001566226,Fatnek Clothing Sublimation Series of T-shirts.,Fashion,Fashion,failed,7,GB,209.10
1001567779,Titanium Whiskey Glass - The EPIC Drinking Glass,Product Design,Design,successful,75,US,13757.00
1001570537,WHAT CHILDREN DO - A Feature Length Comedy,Comedy,Film & Video,successful,192,US,15040.33
1001573862,College Spring Break Review,Web,Technology,failed,0,US,0.00
1001575705,Tall Tales: An evening of dance with ChoreoJoey,Performances,Dance,failed,1,US,5.00
1001576108,Light Comes In,Music,Music,successful,138,US,7453.00
1001578248,WOOD FIRED OVEN FOR OUR GROWING COMMUNITY,Spaces,Food,failed,9,IT,195.73
100158537,The Traps - 2nd Record Vinyl Release,Indie Rock,Music,successful,80,GB,4208.17
1001591110,Rocky Horror Saved My Life - A Fan Documentary,Documentary,Film & Video,successful,665,US,66554.56
1001600663,CLEX - 4 in 1 Smart Device (Canceled),Gadgets,Technology,canceled,22,US,5650.00
100161658,Songs of the Damned Jake Brock's Latest Album.,Rock,Music,failed,4,US,130.00
100162622,Circa Vitae requests crowd fundage to record our full length album... TO VINYL!!!,Indie Rock,Music,failed,4,US,80.00
1001639879,Stiletto Red's New EP,Rock,Music,failed,19,US,1005.00
1001639910,Bucks County: the Movie,Film & Video,Film & Video,failed,0,US,0.00
1001650469,LazerShirts! Not Just Another Shirt,Design,Design,successful,207,US,8952.22
1001656127,"Country Christian album titled ""I Believe""",Country & Folk,Music,failed,4,US,140.00
1001664105,Colors Do-it-Yourself Art Party,Art,Art,failed,0,US,0.00
1001685760,Wholesters- A new way to Whold your things!,Fashion,Fashion,successful,3,US,566.00
1001687258,Stamped,Apps,Technology,failed,0,US,0.00
1001689284,STEER: A Wearable Device That Can Save Your Life,Wearables,Technology,successful,287,IE,38421.55
1001696224,Ripple Analysis: Bringing Animation to Life,Product Design,Design,failed,4,US,326.00
1001704257,Croc2Pop - Where kids manage dad's digital addiction,Apps,Technology,failed,0,US,0.00
1001708060,Carolina's Hottest,Webseries,Film & Video,failed,0,US,0.00
100171056,TULIPS,Photobooks,Photography,successful,167,US,18625.00
1001711592,Ignis Fatuus Comic Project,Comics,Comics,failed,1,US,1.00
1001714289,HoodRatz,Shorts,Film & Video,successful,18,US,1072.00
1001723373,Kingdom: The Space Exploration RPG,Tabletop Games,Games,failed,76,US,4636.00
1001726950,Leonard Hodgins - Components,Indie Rock,Music,failed,2,CA,41.80
1001732009,DotPen : Redefines drawing and writing for smart devices,Product Design,Design,suspended,647,US,39693.00
100173367,"Deluxe RPG ""Handbrain"" Screen",Tabletop Games,Games,successful,1053,US,37522.00
100173829,La Press: Make Soap at Home in 2 minutes. No Chemicals!,Gadgets,Technology,failed,0,CA,0.00
1001751835,C R O S S T O W N  - help us finish our feature film,Narrative Film,Film & Video,successful,32,US,12857.00
1001762923,Spicing it Up at Whipped & Beaten Culinary Works,Food,Food,successful,125,US,3712.00
1001768094,Grilling with Beer cookbook,Nonfiction,Publishing,failed,40,US,3775.00
1001778275,The Womanhood Short Film Fundraiser,Shorts,Film & Video,successful,25,US,600.00
1001780885,Sunrise Diaries,Art,Art,successful,118,US,7498.77
1001786083,Me and my Tommy,Nonfiction,Publishing,failed,0,US,0.00
1001787855,"First Solo exhibition in a recognised gallery, next step up!",Painting,Art,successful,26,NZ,8226.90
1001796633,Bromotion,Documentary,Film & Video,failed,12,US,296.00
100181036,FILM PROJECT:  A HISTORY OF COMING OUT,Documentary,Film & Video,failed,9,US,756.00
1001813414,Off grid electricity (Canceled),Product Design,Design,canceled,7,AU,163.07
1001814122,Savage Thunderscape!,Tabletop Games,Games,successful,182,US,9125.00
1001817414,THE MC TYPE: BAD TATTOOS VOL. 3,Hip-Hop,Music,successful,54,US,1221.00
1001820357,No Man Is An Island,Shorts,Film & Video,successful,148,US,25712.00
100182282,Completion of the history of Kent,Nonfiction,Publishing,failed,1,GB,17.98
1001823329,Grandkids Record a Full-length Album!,Indie Rock,Music,successful,145,US,8739.01
10018239,Borders,Drama,Film & Video,failed,2,GB,56.30
1001838811,FIREWATER,Shorts,Film & Video,successful,20,US,865.00
1001839289,Annulus: Ring of Light,Documentary,Film & Video,failed,6,US,91.00
1001842762,Gospel Jazz Independant Artist - CD Project,Music,Music,failed,1,US,100.00
1001846249,Ugly Cartoons (Poorly Drawn) for Miserable People!,Comics,Comics,failed,3,US,20.00
1001856035,The Daisy Dare Project (Canceled),Mixed Media,Art,canceled,0,US,0.00
1001857288,Occupy the Left Forum Zine,Journalism,Journalism,failed,9,US,227.00
1001863639,Last Man Standing - Card/board Game Survival,Tabletop Games,Games,canceled,1,GB,54.67
1001878319,DANCING CLASSROOMS GRVA 2013,Dance,Dance,successful,63,US,6000.00
100188605,Daily Bread: Stories from Rural Greece,Photobooks,Photography,successful,61,US,10290.00
1001892879,Monsters - A Short film by Christina Morris,Shorts,Film & Video,successful,14,US,2575.00
1001899204,Black Knight Brick Built BBQ Grill,Food,Food,failed,0,GB,0.00
1001904214,MKP - The Smart & Versatile Touch Screen Keyboard For All,Gadgets,Technology,canceled,4,GB,1525.47
1001904397,Boating with Clyde: Adventures on the Puget Sound,Shorts,Film & Video,successful,116,US,8294.63
1001916592,Beyond the Victory recording their debut EP,Rock,Music,successful,14,US,815.00
1001923268,DayStay,Apps,Technology,failed,6,US,30.00
1001924624,THE LEAGUE OF HONOR,Comics,Comics,failed,6,US,320.00
100194308,making more bringpacks,Product Design,Design,failed,23,US,935.00
1001951313,Projecteo: The tiny Instagram projector.,Product Design,Design,successful,2789,US,87207.50
100196479,Digital Aristocracy: A Commoner's Guide to Digital Riches,Nonfiction,Publishing,failed,0,US,0.00
1001967967,It's Time to Move On,Illustration,Art,failed,8,US,185.00
1001973436,"Lazy Glamour: Eco-Underwear - soft, sustainable, and US-made",Fashion,Fashion,failed,21,US,1034.00
1001975568,Saber Design Apparel,Apparel,Fashion,failed,0,US,0.00
1001979324,Capturing the Soul of a Town,Documentary,Film & Video,failed,44,US,2935.00
1001981525,YOU - soft organic cotton underwear that gives back.,Apparel,Fashion,successful,213,GB,27208.27
1001988165,StoryBox - What will you make today?,Mixed Media,Art,failed,29,US,1189.00
1001989065,Cyberines #1,Comic Books,Comics,successful,149,US,3318.00
1001991458,Poems For Apostates & tales of a young Scientologist,Poetry,Publishing,failed,2,US,101.00
1001994928,Screening of Mr Turner,Movie Theaters,Film & Video,failed,5,GB,60.90
1002004487,Senior Project Short Film: Home,Shorts,Film & Video,failed,5,US,165.00
1002005884,Treasure Trapped,Documentary,Film & Video,successful,116,GB,8932.68
1002007289,Suburban Daze,Narrative Film,Film & Video,failed,16,US,1185.00
1002027893,Flyover Farm,Food,Food,successful,133,US,6510.00
1002029488,FOCUS ON THE FANS: Lions Tour 2017,Nonfiction,Publishing,failed,2,GB,51.36
1002031061,Zero Dark Thirty: Watches that make a difference,Product Design,Design,failed,69,US,9123.00
1002042898,Baby Names NOT to Name Your Newborn,Nonfiction,Publishing,failed,2,US,80.00
1002045558,Faithful: A Lesbian Mormon Story,Documentary,Film & Video,successful,106,US,14875.00
1002058532,LAZER EDGE Series eBike - Starting at $499!,Technology,Technology,successful,27,US,17771.00
1002058739,American Dart Football - Where You can be the Quarterback!!,Games,Games,canceled,0,US,0.00
1002071867,InteliShake - Smart sports drinks bottle + built-in storage,Product Design,Design,successful,244,US,20563.00
100207951,Face-To-Face: Short Film (Canceled),Shorts,Film & Video,canceled,1,US,10.00
1002085616,Bailey the Golden Retriever Calendar,Animals,Photography,failed,27,US,797.00
1002087593,Paintings and Portraits! (Custom paintings),Painting,Art,failed,2,US,161.00
1002089437,The Spun Monkey Dyeworks and Lounge,Art,Art,successful,76,US,4600.00
1002096459,Reusable Giant Coloring Poster in BLACK,Product Design,Design,failed,18,CA,734.81
1002098978,Lux3 – Wellness Lamp,Product Design,Design,failed,16,IT,561.07
1002100913,The Living Puppets: Novel,Fiction,Publishing,failed,0,US,0.00
1002105969,A Romantic Christmas,Illustration,Art,failed,2,GB,93.49
1002109548,Projects of Earth: And They Call Us MONSTERS A Story of Bias,Comic Books,Comics,successful,50,US,947.00
1002117681,"Yemanja Caribbean Restaurant, Bar, and Hostel",Food,Food,successful,160,US,16656.00
1002117994,Eucalyptus Wear - Environmental Clothing Company,Apparel,Fashion,failed,0,US,0.00
100212057,Jazz Funeral For Coney Island,Digital Art,Art,successful,46,US,3005.33
1002122038,"Self Illusion's ""Best Friend/Worst Enemy"" EP",Rock,Music,failed,4,US,200.00
1002125056,Blak.Woman.Dynamik-ReBoRn,Theater,Theater,failed,21,US,1810.00
1002125164,Cause Art Gallery,Art,Art,failed,0,US,0.00
100212849,"ThailandMike No.1, Portfolio, hiccup tour guide & Sketchbook",Journalism,Journalism,successful,27,US,3184.00
1002131859,Midwest Side Stories,Country & Folk,Music,successful,152,US,5075.00
1002132449,Pentimento a documentary about Rene Gimpel ,Documentary,Film & Video,failed,0,US,0.00
1002132537,Mike Moreno Group - Fall 2011 Release,Jazz,Music,successful,106,US,9137.00
1002133517,SANSIN_Band EP,Rock,Music,failed,0,US,0.00
1002139381,Tales from Sheepland: from the imagination of a child,Children's Books,Publishing,successful,51,US,2522.00
1002139540,The Kindness of Strangers,Nonfiction,Publishing,failed,5,US,113.00
1002140523,Maybe It's Poison,Tabletop Games,Games,failed,191,US,7069.00
1002151750,Smart Dive Buddy: Smartphone Dive Camera & Computer,Hardware,Technology,failed,34,US,3877.00
1002181673,Final Fantasy 8 (VIII) - What Happened Next?,Fiction,Publishing,failed,4,GB,51.91
1002182970,iPhone Skin Made From Real Apple Wood,Product Design,Design,successful,31,US,838.01
1002183790,The Man in the Field,Horror,Film & Video,live,11,GB,563.32
1002187988,Unmasking Mental Health Photographic Project (Canceled),Photography,Photography,canceled,0,GB,0.00
1002189572,GoalZidia | Let's Reach Our Goals Together,Web,Technology,failed,4,US,410.00
1002191351,Mongol Art World Tour _ Save The Art,Performance Art,Art,failed,9,US,1250.00
1002191592,My Darling June,Shorts,Film & Video,failed,1,US,10.00
1002193030,"Monster Mob, the fun card game for all the monster family.",Playing Cards,Games,failed,6,GB,104.76
1002193523,Blacklivesmatter Series,Painting,Art,failed,0,US,0.00
1002208176,Sorensen Glass Studio,Art,Art,successful,32,US,10050.00
1002211518,FREE SUPERCOMPUTER,Software,Technology,failed,1,US,1.00
1002222234,Kings & Astronauts Documentary,Documentary,Film & Video,failed,21,US,691.00
1002222363,"""MUSIC OVER FAME"" (NO DIVA DJS) T-Shirt",Art,Art,failed,4,US,33.00
1002226766,GLAMAZON: Publishing Campaign! (Canceled),Fiction,Publishing,canceled,5,US,375.00
1002234028,æmp:dance / amiti perry + company,Dance,Dance,successful,30,US,3520.00
100224840,Flutter & Flow Knitting Book,Knitting,Crafts,successful,38,US,2025.00
1002250421,Spiele für iOS und Android / Games for Android and iOS,Mobile Games,Games,canceled,1,DE,1.12
1002264833,Sci-Fi Janitors VS the Redbull Soapbox Race,Webseries,Film & Video,successful,40,US,2708.00
1002269200,Redemption,Hip-Hop,Music,failed,0,US,0.00
1002272545,Course: Make a Stunning Fantasy RPG with GameMaker Studio,Video Games,Games,successful,1258,US,20709.50
100227845,Secret Behavior Magazine,Art Books,Publishing,successful,136,US,17563.00
1002287054,Michale Graves “Vagabond Acoustic” Extremely Limited Edition,Rock,Music,successful,240,US,12413.00
1002289150,Odyssey Skateboards Launch,Graphic Design,Design,failed,5,US,341.00
1002294238,PoolPooj,Nonfiction,Publishing,failed,0,US,0.00
1002295749,Help Momma Root's Bake Shop Make The Big Move!,Small Batch,Food,canceled,2,US,275.00
1002299677,A Dark Forest,Comic Books,Comics,successful,89,GB,1713.93
1002304874,Shoot For Thrill or Shoot To Kill? Political Sculpture,Sculpture,Art,successful,23,US,1745.00
100230798,The Structure,Installations,Art,failed,0,US,0.00
1002308373,Money Shot,Film & Video,Film & Video,successful,60,US,4279.00
1002312219,Vagabond: The Search for My Homeless Father,Documentary,Film & Video,failed,6,US,131.00
1002342607,Earthreads...the Fabric of the Future,Apparel,Fashion,failed,54,US,1383.00
1002344676,NO! - A game of quick moves and stolen turns,Tabletop Games,Games,failed,120,CA,3189.75
1002355670,"Amateur Prose: A book of poetry, stories and original art.",Illustration,Art,successful,58,US,2455.00
1002363227,Little Boy Wonder - A Short Film,Film & Video,Film & Video,successful,43,US,3606.00
100236770,JUDGED...The Irreverent Party Game,Games,Games,failed,8,US,345.00
1002368838,Starting A Herb Garden,Food,Food,failed,0,AU,0.00
1002371950,PHANTOM-LIMBED: A Romantic Comedy,Film & Video,Film & Video,successful,40,US,5975.00
1002372799,The Comfy - The Blanket...That's A Sweatshirt!!,Fashion,Fashion,canceled,29,US,1525.00
1002379225,"The World's First Genuine, Intuitively-controlled Skateboard",Technology,Technology,canceled,103,US,61416.00
1002382304,Defenders of the Realm: Minions,Tabletop Games,Games,successful,622,US,91972.50
1002383422,Matt Whistler The movie - Feature Film,Film & Video,Film & Video,failed,9,US,200.00
